{
    "ThreatTargets": [
        0.36000001430511477,
        0.41999998688697817,
        0.4699999988079071,
        0.41999998688697817,
        0.38999998569488528,
        0.3199999928474426,
        0.38999998569488528,
        0.3700000047683716,
        0.5600000023841858,
        0.5,
        0.4399999976158142,
        0.4000000059604645,
        0.4099999964237213,
        0.38999998569488528,
        0.3400000035762787,
        0.4000000059604645,
        0.4399999976158142,
        0.4300000071525574,
        0.3799999952316284,
        0.5,
        0.5,
        0.5,
        0.5,
        0.5,
        0.5
    ],
    "TempoTargets": [
        0.5,
        0.5,
        0.6299999952316284,
        0.6100000143051148,
        0.5,
        0.5,
        0.5,
        0.5,
        0.6800000071525574,
        0.6200000047683716,
        0.5899999737739563,
        0.5,
        0.6399999856948853,
        0.5,
        0.5199999809265137,
        0.6000000238418579,
        0.6000000238418579,
        0.5,
        0.5,
        0.5,
        0.5,
        0.5,
        0.5,
        0.5,
        0.5
    ],
    "GlobalConstraints": {
        "CollisionRatio": {
            "Min": 0.9300000071525574,
            "Max": 1.0,
            "MinLimit": 0.0,
            "MaxLimit": 1.0,
            "Weight": 1.0
        },
        "AbilityRatio": {
            "Min": 0.9399999976158142,
            "Max": 1.0,
            "MinLimit": 0.0,
            "MaxLimit": 1.0,
            "Weight": 1.0
        },
        "Angle": {
            "Min": 169.1699981689453,
            "Max": 180.0,
            "MinLimit": 0.0,
            "MaxLimit": 180.0,
            "Weight": 1.0
        },
        "SafeDistance": {
            "Min": 0.98,
            "Max": 1,
            "MinLimit": 0.98,
            "MaxLimit": 1,
            "Weight": 1.0
        },
        "ActionIntensity": {
            "Min": 9.359999656677246,
            "Max": 10.0,
            "MinLimit": 0.0,
            "MaxLimit": 10.0,
            "Weight": 1.0
        },
        "ActionDensity": {
            "Min": 2.8499999046325685,
            "Max": 3.0,
            "MinLimit": 0.0,
            "MaxLimit": 3.0,
            "Weight": 1.0
        },
        "BotsDistance": {
            "Min": 0.1,
            "Max": 0.5,
            "MinLimit": 0.1,
            "MaxLimit": 0.5,
            "Weight": 1.0
        },
        "Velocity": {
            "Min": 9.4399995803833,
            "Max": 10.0,
            "MinLimit": 0.0,
            "MaxLimit": 10.0,
            "Weight": 1.0
        }
    }
}