{
    "ThreatTargets": [
        0.36000001430511477,
        0.41999998688697817,
        0.4699999988079071,
        0.5299999713897705,
        0.550000011920929,
        0.6100000143051148,
        0.5699999928474426,
        0.5899999737739563,
        0.5600000023841858,
        0.6700000166893005,
        0.7400000095367432,
        0.8100000023841858,
        0.75,
        0.6800000071525574,
        0.7400000095367432,
        0.699999988079071,
        0.7699999809265137,
        0.699999988079071,
        0.6499999761581421,
        0.4300000071525574,
        0.4000000059604645,
        0.5,
        0.5,
        0.5,
        0.5
    ],
    "TempoTargets": [
        0.5,
        0.5,
        0.6299999952316284,
        0.6100000143051148,
        0.5,
        0.5,
        0.5,
        0.5,
        0.6800000071525574,
        0.6200000047683716,
        0.5899999737739563,
        0.5,
        0.6399999856948853,
        0.5,
        0.5199999809265137,
        0.6000000238418579,
        0.6000000238418579,
        0.5,
        0.5,
        0.5,
        0.5,
        0.5,
        0.5,
        0.5,
        0.5
    ],
    "GlobalConstraints": {
        "CollisionRatio": {
            "Min": 0.0,
            "Max": 0.5,
            "MinLimit": 0.0,
            "MaxLimit": 0.5,
            "Weight": 1.0
        },
        "AbilityRatio": {
            "Min": 0.029999999329447748,
            "Max": 0.550000011920929,
            "MinLimit": 0.029999999329447748,
            "MaxLimit": 0.550000011920929,
            "Weight": 1.0
        },
        "Angle": {
            "Min": 0.0,
            "Max": 0.5,
            "MinLimit": 0.0,
            "MaxLimit": 0.5,
            "Weight": 1.0
        },
        "SafeDistance": {
            "Min": 0.0,
            "Max": 0.30000001192092898,
            "MinLimit": 0.0,
            "MaxLimit": 0.30000001192092898,
            "Weight": 1.0
        },
        "ActionIntensity": {
            "Min": 0.0,
            "Max": 10.0,
            "MinLimit": 0.0,
            "MaxLimit": 10.0,
            "Weight": 1.0
        },
        "ActionDensity": {
            "Min": 0.0,
            "Max": 1.9800000190734864,
            "MinLimit": 0.0,
            "MaxLimit": 1.9800000190734864,
            "Weight": 1.0
        },
        "BotsDistance": {
            "Min": 0.0,
            "Max": 1.0,
            "MinLimit": 0.0,
            "MaxLimit": 1.0,
            "Weight": 1.0
        },
        "Velocity": {
            "Min": 0.0,
            "Max": 1.0,
            "MinLimit": 0.0,
            "MaxLimit": 1.0,
            "Weight": 1.0
        }
    }
}