{
    "ThreatTargets": [
        0.36000001430511477,
        0.41999998688697817,
        0.4699999988079071,
        0.41999998688697817,
        0.38999998569488528,
        0.3199999928474426,
        0.38999998569488528,
        0.3700000047683716,
        0.5600000023841858,
        0.5,
        0.4399999976158142,
        0.4000000059604645,
        0.4099999964237213,
        0.38999998569488528,
        0.3400000035762787,
        0.4000000059604645,
        0.4399999976158142,
        0.4300000071525574,
        0.3799999952316284,
        0.5,
        0.5,
        0.5,
        0.5,
        0.5,
        0.5
    ],
    "TempoTargets": [
        0.5,
        0.5,
        0.6299999952316284,
        0.6100000143051148,
        0.5,
        0.5,
        0.5,
        0.5,
        0.6800000071525574,
        0.6200000047683716,
        0.5899999737739563,
        0.5,
        0.6399999856948853,
        0.5,
        0.5199999809265137,
        0.6000000238418579,
        0.6000000238418579,
        0.5,
        0.5,
        0.5,
        0.5,
        0.5,
        0.5,
        0.5,
        0.5
    ],
    "GlobalConstraints": {
        "CollisionRatio": {
            "Min": 0.23,
            "Max": 0.98,
            "MinLimit": 0.23,
            "MaxLimit": 0.98,
            "Weight": 1.0
        },
        "AbilityRatio": {
            "Min": 0.03,
            "Max": 0.54,
            "MinLimit": 0.03,
            "MaxLimit": 0.54,
            "Weight": 1.0
        },
        "Angle": {
            "Min": 91,
            "Max": 177.97,
            "MinLimit": 91,
            "MaxLimit": 177.97,
            "Weight": 1.0
        },
        "SafeDistance": {
            "Min": 0.10,
            "Max": 0.87,
            "MinLimit": 0.10,
            "MaxLimit": 0.87,
            "Weight": 1.0
        },
        "ActionIntensity": {
            "Min": 1.02,
            "Max": 102.96,
            "MinLimit": 1.02,
            "MaxLimit": 102.96,
            "Weight": 1.0
        },
        "ActionDensity": {
            "Min": 0.69,
            "Max": 1.98,
            "MinLimit": 0.69,
            "MaxLimit": 1.98,
            "Weight": 1.0
        },
        "BotsDistance": {
            "Min": 1.08,
            "Max": 4.60,
            "MinLimit": 1.08,
            "MaxLimit": 4.60,
            "Weight": 1.0
        },
        "Velocity": {
            "Min": 0.08,
            "Max": 5.27,
            "MinLimit": 0.08,
            "MaxLimit": 5.27,
            "Weight": 1.0
        }
    }
}