{
    "ThreatTargets": [
        0.36000001430511477,
        0.41999998688697817,
        0.4699999988079071,
        0.41999998688697817,
        0.38999998569488528,
        0.3199999928474426,
        0.38999998569488528,
        0.3700000047683716,
        0.5600000023841858,
        0.5,
        0.4399999976158142,
        0.4000000059604645,
        0.4099999964237213,
        0.38999998569488528,
        0.3400000035762787,
        0.4000000059604645,
        0.4399999976158142,
        0.4300000071525574,
        0.3799999952316284,
        0.5,
        0.5,
        0.5,
        0.5,
        0.5,
        0.5
    ],
    "TempoTargets": [
        0.5,
        0.5,
        0.6299999952316284,
        0.6100000143051148,
        0.5,
        0.5,
        0.5,
        0.5,
        0.6800000071525574,
        0.6200000047683716,
        0.5899999737739563,
        0.5,
        0.6399999856948853,
        0.5,
        0.5199999809265137,
        0.6000000238418579,
        0.6000000238418579,
        0.5,
        0.5,
        0.5,
        0.5,
        0.5,
        0.5,
        0.5,
        0.5
    ],
    "GlobalConstraints": {
        "CollisionRatio": {
            "Min": 0.23000000417232514,
            "Max": 1.0,
            "MinLimit": 0.23000000417232514,
            "MaxLimit": 1.0,
            "Weight": 1.0
        },
        "AbilityRatio": {
            "Min": 0.029999999329447748,
            "Max": 0.9200000166893005,
            "MinLimit": 0.029999999329447748,
            "MaxLimit": 0.9200000166893005,
            "Weight": 1.0
        },
        "Angle": {
            "Min": 91.0,
            "Max": 180.0,
            "MinLimit": 91.0,
            "MaxLimit": 180.0,
            "Weight": 1.0
        },
        "SafeDistance": {
            "Min": 0.11999999731779099,
            "Max": 0.949999988079071,
            "MinLimit": 0.11999999731779099,
            "MaxLimit": 0.949999988079071,
            "Weight": 1.0
        },
        "ActionIntensity": {
            "Min": 1.399999976158142,
            "Max": 1200.0,
            "MinLimit": 1.399999976158142,
            "MaxLimit": 1200.0,
            "Weight": 1.0
        },
        "ActionDensity": {
            "Min": 0.7200000286102295,
            "Max": 2.2699999809265138,
            "MinLimit": 0.7200000286102295,
            "MaxLimit": 2.2699999809265138,
            "Weight": 1.0
        },
        "BotsDistance": {
            "Min": 1.3799999952316285,
            "Max": 7.71999979019165,
            "MinLimit": 1.3799999952316285,
            "MaxLimit": 7.71999979019165,
            "Weight": 1.0
        },
        "Velocity": {
            "Min": 0.1599999964237213,
            "Max": 10.0,
            "MinLimit": 0.1599999964237213,
            "MaxLimit": 10.0,
            "Weight": 1.0
        }
    }
}