{
    "ThreatTargets": [
        0.2800000011920929,
        0.30000001192092898,
        0.3499999940395355,
        0.3100000023841858,
        0.28999999165534975,
        0.3499999940395355,
        0.3799999952316284,
        0.4000000059604645,
        0.4300000071525574,
        0.4099999964237213,
        0.3499999940395355,
        0.3799999952316284,
        0.41999998688697817,
        0.3100000023841858,
        0.33000001311302187,
        0.3700000047683716,
        0.36000001430511477,
        0.3499999940395355,
        0.3400000035762787,
        0.33000001311302187,
        0.3199999928474426,
        0.3400000035762787,
        0.3499999940395355,
        0.4000000059604645,
        0.3400000035762787
    ],
    "TempoTargets": [
        0.4300000071525574,
        0.3700000047683716,
        0.5600000023841858,
        0.5699999928474426,
        0.5400000214576721,
        0.5899999737739563,
        0.6299999952316284,
        0.5400000214576721,
        0.46000000834465029,
        0.4000000059604645,
        0.4399999976158142,
        0.44999998807907107,
        0.5,
        0.5,
        0.5,
        0.5,
        0.5,
        0.5,
        0.5,
        0.5,
        0.5,
        0.5,
        0.5,
        0.5,
        0.5
    ],
    "GlobalConstraints": {
        "CollisionRatio": {
            "Min": 0.0,
            "Max": 1.0,
            "MinLimit": 0.0,
            "MaxLimit": 1.0,
            "Weight": 1.0
        },
        "AbilityRatio": {
            "Min": 0.0,
            "Max": 0.20000000298023225,
            "MinLimit": 0.0,
            "MaxLimit": 0.20000000298023225,
            "Weight": 1.0
        },
        "Angle": {
            "Min": 0.0,
            "Max": 180.0,
            "MinLimit": 0.0,
            "MaxLimit": 180.0,
            "Weight": 1.0
        },
        "SafeDistance": {
            "Min": 1.0,
            "Max": 5.0,
            "MinLimit": 1.0,
            "MaxLimit": 5.0,
            "Weight": 1.0
        },
        "ActionIntensity": {
            "Min": 0.0,
            "Max": 50.0,
            "MinLimit": 0.0,
            "MaxLimit": 50.0,
            "Weight": 1.0
        },
        "ActionDensity": {
            "Min": 0.0,
            "Max": 1.0,
            "MinLimit": 0.0,
            "MaxLimit": 1.0,
            "Weight": 1.0
        },
        "BotsDistance": {
            "Min": 1.0,
            "Max": 5.0,
            "MinLimit": 1.0,
            "MaxLimit": 5.0,
            "Weight": 1.0
        },
        "Velocity": {
            "Min": 0.0,
            "Max": 10.0,
            "MinLimit": 0.0,
            "MaxLimit": 10.0,
            "Weight": 1.0
        }
    }
}