{
    "inputSize": 11,
    "hiddenSize": 24,
    "outputSize": 5,
    "w1": [
        0.24804525077342988,
        0.1280616968870163,
        0.3793947696685791,
        -0.34326329827308657,
        -0.40516138076782229,
        0.04080256074666977,
        -0.30821937322616579,
        -0.2608424723148346,
        -0.2766461670398712,
        0.1983211487531662,
        0.34481775760650637,
        0.23610036075115205,
        -0.058801308274269107,
        0.1903676986694336,
        0.30449655652046206,
        0.00003943001865991391,
        0.019395818933844568,
        0.0394090972840786,
        0.3573291301727295,
        0.05327236279845238,
        0.01954248920083046,
        0.2654004693031311,
        -0.29952484369277956,
        -0.4880560338497162,
        0.15766406059265138,
        0.30493462085723879,
        0.26341238617897036,
        -0.12505130469799043,
        0.28683173656463625,
        -0.3586284816265106,
        0.0819750428199768,
        0.24034693837165833,
        0.253903329372406,
        0.30255836248397829,
        -0.022596267983317376,
        -0.05409637466073036,
        0.27702832221984866,
        -0.36751049757003786,
        -0.3900166153907776,
        -0.06235974282026291,
        0.22544191777706147,
        -0.10525523871183396,
        -0.20246820151805879,
        0.31471848487854006,
        0.10724437981843949,
        -0.27877095341682436,
        0.2921786606311798,
        -0.023206407204270364,
        0.03465893492102623,
        0.5564485192298889,
        0.49810734391212466,
        0.1380966454744339,
        -0.2534949779510498,
        -0.3224203884601593,
        0.18739593029022218,
        0.4485551714897156,
        0.03312690556049347,
        0.1808333545923233,
        -0.028342168778181077,
        -0.14327757060527802,
        -0.0518624372780323,
        0.1727887988090515,
        0.09472453594207764,
        -0.3440488278865814,
        -0.3496626913547516,
        -0.15834161639213563,
        0.4402960538864136,
        0.15685047209262849,
        -0.11819639056921005,
        0.1461644321680069,
        0.41442713141441347,
        -0.060092076659202579,
        -0.16766314208507539,
        -0.016807222738862039,
        0.18756797909736634,
        0.47067299485206606,
        0.024194888770580293,
        -0.11954506486654282,
        -0.030887242406606675,
        -0.028049789369106294,
        0.3974028527736664,
        -0.043219368904829028,
        -0.2416858971118927,
        0.24859030544757844,
        -0.318685919046402,
        0.2734348177909851,
        0.017918575555086137,
        0.16673307120800019,
        -0.06433699280023575,
        0.15746155381202699,
        0.2448340207338333,
        -0.42213982343673708,
        -0.14967398345470429,
        0.11006081104278565,
        0.1586509644985199,
        -0.3386843800544739,
        0.4215843677520752,
        -0.3166041672229767,
        -0.10678506642580033,
        -0.2646706998348236,
        -0.22145245969295503,
        -0.3121854364871979,
        -0.21802198886871339,
        0.3806304633617401,
        -0.2966853976249695,
        -0.07265236973762512,
        -0.2654990553855896,
        0.035602595657110217,
        -0.25804388523101809,
        0.1451982706785202,
        -0.06970176845788956,
        -0.16310623288154603,
        -0.23217956721782685,
        -0.2811696231365204,
        -0.10148093849420548,
        -0.3878348767757416,
        -0.0030759419314563276,
        0.23607778549194337,
        -0.508601725101471,
        -0.0825146958231926,
        0.07846569269895554,
        -0.21689990162849427,
        -0.0696699321269989,
        0.09324648231267929,
        0.3706236481666565,
        0.11078784614801407,
        0.45287609100341799,
        0.11450381577014923,
        0.23313315212726594,
        0.17149803042411805,
        -0.5025222897529602,
        -0.07439800351858139,
        0.47390466928482058,
        -0.19381403923034669,
        -0.16704553365707398,
        0.2835116982460022,
        -0.30963996052742007,
        -0.15312685072422028,
        -0.07646417617797852,
        0.1694720834493637,
        -0.01492562796920538,
        -0.46565893292427065,
        0.06161433458328247,
        0.09675333648920059,
        -0.10301169753074646,
        -0.12233434617519379,
        0.26329880952835085,
        -0.03605540096759796,
        -0.23362107574939729,
        0.14605125784873963,
        0.22390973567962647,
        -0.30022987723350527,
        -0.3426561951637268,
        0.40529435873031618,
        0.05839427188038826,
        -0.3084006905555725,
        0.12510672211647035,
        0.1613783836364746,
        0.3403385579586029,
        0.17745602130889893,
        -0.2073204666376114,
        0.2564072608947754,
        0.260295569896698,
        0.13464097678661347,
        -0.05443957448005676,
        0.3470016419887543,
        -0.2169250100851059,
        -0.40658149123191836,
        0.12007315456867218,
        0.1001027524471283,
        0.5101506114006043,
        -0.22159239649772645,
        -0.41488292813301089,
        -0.35305655002593996,
        0.22376389801502229,
        0.11421432346105576,
        0.12313663214445114,
        0.41465091705322268,
        -0.018714332953095437,
        -0.1625359058380127,
        0.5222745537757874,
        0.06440279632806778,
        -0.26579350233078005,
        -0.4822423458099365,
        -0.17506639659404756,
        0.33941715955734255,
        -0.05274701863527298,
        0.36037954688072207,
        -0.12283654510974884,
        -0.48130014538764956,
        -0.6986698508262634,
        0.13595038652420045,
        -0.10024469345808029,
        0.32362377643585207,
        -0.32188737392425539,
        0.3405612111091614,
        -0.20582325756549836,
        -0.49595052003860476,
        -0.3891787827014923,
        0.04702272638678551,
        -0.43178078532218935,
        0.37596651911735537,
        0.10267314314842224,
        0.1416124850511551,
        0.24706503748893739,
        -0.12902463972568513,
        0.389415979385376,
        0.1680067479610443,
        0.5981106758117676,
        0.4126735031604767,
        0.11177199333906174,
        0.43054383993148806,
        -0.26474905014038088,
        -0.19745910167694093,
        0.23880112171173097,
        0.4369245767593384,
        -0.3615674376487732,
        0.16921459138393403,
        0.001372427912428975,
        0.28868088126182558,
        -0.2206365168094635,
        -0.28464123606681826,
        -0.2346859723329544,
        0.24918361008167268,
        0.25183793902397158,
        0.04311129078269005,
        0.2963848114013672,
        -0.2574518918991089,
        -0.23951473832130433,
        -0.3432356119155884,
        -0.10187061876058579,
        0.07113977521657944,
        0.21178333461284638,
        0.42803189158439639,
        -0.1511954963207245,
        0.4213155210018158,
        -0.679955244064331,
        0.1287376880645752,
        -0.26946771144866946,
        0.1833035945892334,
        0.4393289387226105,
        0.2975069582462311,
        0.39565393328666689,
        0.27107447385787966,
        0.20147940516471864,
        -0.44188669323921206,
        -0.2282474935054779,
        -0.3666476011276245,
        -0.48428162932395937,
        -0.12813760340213777,
        -0.06458432227373123,
        0.24728190898895265,
        -0.010195890441536904,
        -0.011165814474225045,
        -0.3938731253147125,
        0.2564737796783447,
        -0.11549940705299378,
        0.33597680926322939,
        0.3909468352794647,
        -0.22905036807060243,
        0.034854594618082049,
        0.07949306815862656,
        0.0358482263982296,
        0.3777267634868622
    ],